City_ID,City,Country,Date,Lat,Lng,Max Temp,Humidity,Cloudiness,Wind Speed
0,Karratha,AU,2022-06-16 00:57:44,-20.7377,116.8463,76.33,41,10,11.12
1,New Norfolk,AU,2022-06-16 00:57:45,-42.7826,147.0587,49.91,83,91,0.92
2,Hilo,US,2022-06-16 00:57:45,19.7297,-155.09,81.28,88,46,4.0
3,Souillac,MU,2022-06-16 00:57:45,-20.5167,57.5167,73.78,60,75,13.8
4,Jamestown,US,2022-06-16 00:57:02,42.097,-79.2353,81.05,85,100,4.41
5,Tibu,CO,2022-06-16 00:57:46,8.639,-72.7358,75.72,91,90,1.86
6,Port Alfred,ZA,2022-06-16 00:54:12,-33.5906,26.891,48.18,75,40,4.0
7,Krasnoselkup,RU,2022-06-16 00:57:46,65.7,82.4667,64.76,75,100,11.97
8,Busselton,AU,2022-06-16 00:57:47,-33.65,115.3333,63.66,78,18,12.3
9,Mehran,IR,2022-06-16 00:57:47,33.1222,46.1646,86.86,15,0,10.6
10,Altamira,BR,2022-06-16 00:57:47,-3.2033,-52.2064,70.29,84,12,2.06
11,Punta Arenas,CL,2022-06-16 00:56:32,-53.15,-70.9167,44.71,65,75,12.66
12,Vaini,TO,2022-06-16 00:57:48,-21.2,-175.2,80.76,74,75,8.05
13,Tasiilaq,GL,2022-06-16 00:57:48,65.6145,-37.6368,37.83,96,100,9.86
14,Cidreira,BR,2022-06-16 00:57:49,-30.1811,-50.2056,58.21,83,4,4.12
15,Rikitea,PF,2022-06-16 00:57:49,-23.1203,-134.9692,72.7,68,100,7.52
16,Mataura,NZ,2022-06-16 00:57:50,-46.1927,168.8643,48.47,96,100,7.58
17,Hermanus,ZA,2022-06-16 00:57:50,-34.4187,19.2345,44.8,74,28,10.33
18,Tiksi,RU,2022-06-16 00:57:50,71.6872,128.8694,37.65,72,15,12.57
19,Sangar,RU,2022-06-16 00:57:51,63.9242,127.4739,68.25,55,33,5.53
20,Bluff,NZ,2022-06-16 00:57:51,-46.6,168.3333,48.79,79,97,20.29
21,El Dorado,US,2022-06-16 00:57:51,38.7666,-120.5177,86.63,23,0,1.01
22,Butaritari,KI,2022-06-16 00:57:52,3.0707,172.7902,82.0,71,26,11.77
23,Albany,US,2022-06-16 00:55:13,42.6001,-73.9662,75.63,61,100,3.85
24,Roma,US,2022-06-16 00:57:52,43.2128,-75.4557,73.96,79,6,7.11
25,Hammerfest,NO,2022-06-16 00:57:53,70.6634,23.6821,43.25,100,75,8.05
26,Avarua,CK,2022-06-16 00:57:53,-21.2078,-159.775,80.65,74,75,14.97
27,Broome,US,2022-06-16 00:56:58,42.2506,-75.833,77.77,63,95,3.0
28,Dikson,RU,2022-06-16 00:57:53,73.5069,80.5464,35.71,85,100,5.91
29,Hornepayne,CA,2022-06-16 00:57:54,49.2138,-84.7705,72.19,78,83,7.0
30,San Policarpo,PH,2022-06-16 00:57:54,12.1791,125.5072,85.12,71,53,7.96
31,Airai,TL,2022-06-16 00:57:55,-8.9266,125.4092,67.59,64,77,5.46
32,Alvik,SE,2022-06-16 00:57:55,60.7477,14.8746,53.67,84,78,4.43
33,East London,ZA,2022-06-16 00:57:55,-33.0153,27.9116,54.55,62,16,19.95
34,Tuktoyaktuk,CA,2022-06-16 00:57:56,69.4541,-133.0374,42.8,70,20,16.11
35,Barrow,US,2022-06-16 00:57:56,71.2906,-156.7887,47.71,62,100,13.44
36,Ushuaia,AR,2022-06-16 00:57:56,-54.8,-68.3,42.46,70,20,6.91
37,Kapaa,US,2022-06-16 00:57:57,22.0752,-159.319,81.48,76,1,4.0
38,Port Elizabeth,ZA,2022-06-16 00:53:36,-33.918,25.5701,49.1,84,0,12.66
39,Novara,IT,2022-06-16 00:57:57,45.5853,8.5778,73.09,80,0,6.91
40,Rawson,AR,2022-06-16 00:57:57,-43.3002,-65.1023,48.51,72,23,10.63
41,Solnechnyy,RU,2022-06-16 00:57:58,50.7214,136.6319,74.68,47,95,5.55
42,Fairbanks,US,2022-06-16 00:57:58,64.8378,-147.7164,73.02,49,75,3.44
43,Eureka,US,2022-06-16 00:57:59,40.8021,-124.1637,66.13,73,48,5.99
44,Nabire,ID,2022-06-16 00:57:59,-3.3667,135.4833,83.97,67,77,2.15
45,Yulara,AU,2022-06-16 00:57:59,-25.2406,130.9889,63.45,41,7,7.58
46,Nikolskoye,RU,2022-06-16 00:59:00,59.7035,30.7861,54.79,94,13,9.44
47,Upernavik,GL,2022-06-16 00:59:00,72.7868,-56.1549,32.02,74,100,6.26
48,Port Blair,IN,2022-06-16 00:59:00,11.6667,92.75,78.84,94,40,1.14
49,Salinopolis,BR,2022-06-16 00:59:01,-0.6136,-47.3561,78.48,81,65,12.08
50,Bonthe,SL,2022-06-16 00:59:01,7.5264,-12.505,76.84,88,100,9.51
51,Atuona,PF,2022-06-16 00:59:02,-9.8,-139.0333,77.94,70,62,19.42
52,Hofn,IS,2022-06-16 00:59:02,64.2539,-15.2082,49.1,83,5,15.84
53,Jaciara,BR,2022-06-16 00:59:02,-15.9653,-54.9683,75.87,53,49,1.88
54,Grand Forks,US,2022-06-16 00:54:29,47.9417,-97.4337,71.53,40,75,19.57
55,Westport,US,2022-06-16 00:59:03,41.1415,-73.3579,70.3,83,99,5.01
56,Hobart,AU,2022-06-16 00:59:03,-42.8794,147.3294,50.25,94,40,8.05
57,Zhanaozen,KZ,2022-06-16 00:59:04,43.3,52.8,75.34,35,56,7.43
58,Bandar-E Lengeh,IR,2022-06-16 00:59:04,26.5579,54.8807,87.91,66,30,9.22
59,Yellowknife,CA,2022-06-16 00:59:04,62.456,-114.3525,61.32,77,75,13.8
60,Mercedes,AR,2022-06-16 00:59:05,-34.6515,-59.4307,53.04,77,9,4.56
61,Iqaluit,CA,2022-06-16 00:59:05,63.7506,-68.5145,47.93,81,100,16.11
62,Bredasdorp,ZA,2022-06-16 00:59:05,-34.5322,20.0403,45.19,81,3,3.91
63,Saskylakh,RU,2022-06-16 00:59:06,71.9167,114.0833,50.32,38,16,6.24
64,Birjand,IR,2022-06-16 00:59:06,32.8663,59.2211,70.27,21,0,6.91
65,Sitka,US,2022-06-16 00:55:58,57.0531,-135.33,62.96,55,22,6.62
66,Tortoli,IT,2022-06-16 00:59:07,39.9256,9.6572,74.07,55,16,2.53
67,Freeport,US,2022-06-16 00:54:58,40.6576,-73.5832,70.02,75,100,8.01
68,La Palma,US,2022-06-16 00:59:07,33.8464,-118.0467,91.09,72,7,8.99
69,Bambous Virieux,MU,2022-06-16 00:56:22,-20.3428,57.7575,73.65,60,75,13.8
70,Xining,CN,2022-06-16 00:59:08,36.6167,101.7667,64.78,28,1,2.89
71,Andenes,NO,2022-06-16 00:59:08,69.3143,16.1194,44.58,93,75,11.5
72,Ossora,RU,2022-06-16 00:59:08,59.2353,163.0719,52.07,74,100,13.38
73,Galle,LK,2022-06-16 00:59:09,6.0367,80.217,80.65,83,100,14.18
74,Clinton,US,2022-06-16 00:58:28,42.587,-82.9199,91.02,56,3,12.12
75,Longyearbyen,SJ,2022-06-16 00:59:09,78.2186,15.6401,39.04,75,75,8.05
76,Rapid City,US,2022-06-16 00:59:10,44.0805,-103.231,75.85,27,3,14.0
77,Ocampo,MX,2022-06-16 00:56:39,21.65,-101.5,61.54,70,100,21.63
78,Klaksvik,FO,2022-06-16 00:59:10,62.2266,-6.589,50.92,97,99,6.02
79,San Quintin,MX,2022-06-16 00:59:11,30.4833,-115.95,67.89,65,1,6.96
80,Yar-Sale,RU,2022-06-16 00:59:11,66.8333,70.8333,57.92,41,1,17.49
81,Bodden Town,KY,2022-06-16 00:59:11,19.2833,-81.25,84.2,72,20,9.22
82,Sinnamary,GF,2022-06-16 00:59:12,5.3833,-52.95,76.73,86,80,7.78
83,Mar Del Plata,AR,2022-06-16 00:59:12,-38.0023,-57.5575,48.09,93,100,2.3
84,Kabinda,CD,2022-06-16 00:59:13,-6.1333,24.4833,70.75,46,0,3.38
85,Vardo,NO,2022-06-16 00:56:19,70.3705,31.1107,40.98,93,75,12.66
86,Athabasca,CA,2022-06-16 00:59:13,54.7169,-113.2854,66.61,59,100,12.93
87,Cabo San Lucas,MX,2022-06-16 00:57:53,22.8909,-109.9124,91.62,67,7,14.58
88,Caravelas,BR,2022-06-16 00:59:14,-17.7125,-39.2481,70.11,66,87,6.38
89,Cao Bang,VN,2022-06-16 00:59:14,22.6667,106.25,77.67,94,100,2.28
90,Nome,US,2022-06-16 00:59:14,64.5011,-165.4064,47.16,81,100,11.5
91,Luwuk,ID,2022-06-16 01:00:15,-0.9516,122.7875,82.54,76,92,3.15
92,Zambezi,ZM,2022-06-16 01:00:15,-13.5432,23.1047,54.48,51,0,3.76
93,Dapdap,PH,2022-06-16 01:00:16,12.062,125.4881,85.23,70,81,7.31
94,Flinders,AU,2022-06-16 01:00:17,-34.5833,150.8552,65.05,61,99,4.0
95,Zeya,RU,2022-06-16 01:00:17,53.75,127.2667,74.03,47,47,3.87
96,Panama City,PA,2022-06-16 01:00:18,8.9936,-79.5197,82.92,71,100,5.17
97,Oltenita,RO,2022-06-16 01:00:18,44.0833,26.6333,59.72,80,7,2.84
98,Khasan,RU,2022-06-16 01:00:19,42.4308,130.6434,60.82,83,79,5.7
99,Huadian,CN,2022-06-16 01:00:19,42.9633,126.7478,66.61,80,100,5.44
100,Narsaq,GL,2022-06-16 01:00:20,60.9167,-46.05,48.42,69,0,2.39
101,Okha,RU,2022-06-16 01:00:20,53.5739,142.9478,51.62,85,99,5.5
102,Hambantota,LK,2022-06-16 00:55:39,6.1241,81.1185,77.34,94,75,0.0
103,Stephenville,US,2022-06-16 01:00:21,32.2207,-98.2023,95.0,27,0,9.22
104,Ayagoz,KZ,2022-06-16 01:00:21,47.9714,80.4392,59.56,68,0,9.6
105,Gonzalez,US,2022-06-16 01:00:21,30.5816,-87.2914,86.83,84,84,3.98
106,Buala,SB,2022-06-16 01:00:22,-8.145,159.5921,82.8,75,98,9.84
107,Kez,RU,2022-06-16 01:00:22,57.8979,53.7152,59.29,95,34,3.83
108,Vangaindrano,MG,2022-06-16 01:00:23,-23.35,47.6,65.8,95,22,6.24
109,Ponta Do Sol,PT,2022-06-16 01:00:23,32.6667,-17.1,68.63,76,22,9.53
110,Puerto Del Rosario,ES,2022-06-16 01:00:23,28.5004,-13.8627,69.55,73,0,12.66
111,Kavieng,PG,2022-06-16 01:00:24,-2.5744,150.7967,84.87,69,30,12.88
112,Oktyabrskiy,RU,2022-06-16 01:00:25,54.4815,53.471,59.32,87,10,5.35
113,Sorland,NO,2022-06-16 01:00:25,67.667,12.6934,44.46,84,18,4.99
114,Hithadhoo,MV,2022-06-16 01:00:26,-0.6,73.0833,81.55,74,89,5.35
115,Mahebourg,MU,2022-06-16 01:00:26,-20.4081,57.7,73.26,73,20,12.66
116,Cherskiy,RU,2022-06-16 01:00:26,68.75,161.3,61.61,20,13,8.19
117,Pimentel,PE,2022-06-16 01:00:27,-6.8367,-79.9342,62.26,84,0,16.67
118,Quesnel,CA,2022-06-16 01:00:27,52.9999,-122.5029,74.62,35,100,8.61
119,Saurimo,AO,2022-06-16 01:00:28,-9.6608,20.3916,57.74,43,4,5.06
120,Khatanga,RU,2022-06-16 01:00:28,71.9667,102.5,64.36,38,27,10.16
121,Castro,BR,2022-06-16 01:00:28,-24.7911,-50.0119,51.85,90,24,2.71
122,Great Yarmouth,GB,2022-06-16 01:00:29,52.6083,1.7305,57.45,79,6,5.41
123,Puerto Ayora,EC,2022-06-16 01:00:29,-0.7393,-90.3518,71.55,89,6,8.01
124,Aklavik,CA,2022-06-16 01:00:30,68.2191,-135.0107,64.92,31,6,8.19
125,Geraldton,AU,2022-06-16 01:00:30,-28.7667,114.6,61.21,94,40,8.05
126,Carnarvon,AU,2022-06-16 01:00:31,-24.8667,113.6333,71.4,84,76,3.36
127,Kedrovyy,RU,2022-06-16 01:00:31,56.1667,91.8167,64.87,71,100,1.79
128,Kahului,US,2022-06-16 00:55:45,20.8947,-156.47,80.83,84,16,11.99
129,Jiuquan,CN,2022-06-16 01:00:31,39.7432,98.5174,81.19,8,100,6.13
130,Shubarshi,KZ,2022-06-16 01:00:32,48.5872,57.1869,67.28,44,99,3.15
131,Nanortalik,GL,2022-06-16 01:00:32,60.1432,-45.2371,38.57,80,6,8.41
132,Lasa,IT,2022-06-16 01:00:33,46.6166,10.7002,57.69,75,2,3.94
133,Ostrovnoy,RU,2022-06-16 01:00:33,68.0531,39.5131,44.22,83,100,13.6
134,Seoul,KR,2022-06-16 00:58:13,37.5683,126.9778,67.57,80,75,3.44
135,Frontignan,FR,2022-06-16 01:00:34,43.4485,3.754,67.95,58,6,2.89
136,Batagay-Alyta,RU,2022-06-16 01:00:34,67.8006,130.4114,44.49,90,100,8.03
137,Ntcheu,MW,2022-06-16 01:00:34,-14.8203,34.6359,58.1,75,0,0.38
138,Kirakira,SB,2022-06-16 01:01:35,-10.4544,161.9205,82.71,77,96,9.48
139,Anderson,US,2022-06-16 00:57:30,34.5334,-82.6499,88.18,71,100,9.91
140,Qaanaaq,GL,2022-06-16 01:01:35,77.484,-69.3632,27.52,80,19,3.51
141,Monrovia,LR,2022-06-16 01:00:49,6.3005,-10.7969,77.09,86,100,12.28
142,Coquimbo,CL,2022-06-16 01:01:36,-29.9533,-71.3436,54.21,90,2,1.92
143,Abilene,US,2022-06-16 00:57:02,32.4487,-99.7331,95.18,36,32,4.0
144,Poum,NC,2022-06-16 01:01:36,-20.2333,164.0167,78.85,79,5,19.71
145,Ferme-Neuve,CA,2022-06-16 01:01:36,46.7001,-75.4493,60.78,97,100,4.25
146,Cape Town,ZA,2022-06-16 00:59:13,-33.9258,18.4232,56.37,79,0,2.3
147,Mucurici,BR,2022-06-16 01:01:37,-18.0933,-40.5158,60.76,91,94,4.94
148,Fiche,ET,2022-06-16 01:01:37,9.8,38.7333,54.55,40,32,3.87
149,La Sarre,CA,2022-06-16 00:58:44,48.8002,-79.1996,68.81,85,100,10.71
150,Kashi,CN,2022-06-16 01:01:38,39.4547,75.9797,77.47,25,60,12.75
151,Hasaki,JP,2022-06-16 01:01:38,35.7333,140.8333,70.29,78,99,5.48
152,College,US,2022-06-16 01:01:38,64.8569,-147.8028,73.99,50,100,5.39
153,Laguna,US,2022-06-16 01:01:39,38.421,-121.4238,95.92,19,0,21.85
154,Asau,RO,2022-06-16 00:56:44,46.4333,26.4,54.52,89,46,2.84
155,Sao Filipe,CV,2022-06-16 01:01:39,14.8961,-24.4956,72.73,86,71,6.2
156,Mount Isa,AU,2022-06-16 01:00:51,-20.7333,139.5,71.37,37,97,13.8
157,Codrington,AU,2022-06-16 01:01:40,-38.2667,141.9667,57.34,86,66,16.02
158,Esperance,AU,2022-06-16 01:01:40,-33.8667,121.9,58.78,66,0,9.1
159,Itarema,BR,2022-06-16 01:01:41,-2.9248,-39.9167,74.88,84,10,10.4
160,Husavik,IS,2022-06-16 01:01:41,66.0449,-17.3389,47.39,89,100,5.32
161,Avila,ES,2022-06-16 01:01:41,40.5833,-5.0,72.64,41,76,4.7
162,Yatou,CN,2022-06-16 01:01:42,37.15,122.3833,71.91,67,100,6.71
163,Touros,BR,2022-06-16 01:01:42,-5.1989,-35.4608,74.93,82,35,9.22
164,Porto Novo,BJ,2022-06-16 01:01:42,6.4965,2.6036,74.14,96,100,4.92
165,Trinidad,BO,2022-06-16 01:01:43,-14.8333,-64.9,66.96,82,0,3.38
166,Dingle,PH,2022-06-16 01:01:43,10.9995,122.6711,85.14,73,95,5.28
167,Knin,HR,2022-06-16 01:01:43,44.0439,16.2,66.13,71,0,4.12
168,Svetlogorsk,BY,2022-06-16 01:01:44,52.6333,29.7333,48.96,94,0,5.48
169,Marzuq,YE,2022-06-16 01:01:44,14.4,46.4667,74.68,54,100,6.4
170,Teya,RU,2022-06-16 01:01:45,60.3778,92.6267,67.33,74,75,3.74
171,Amarante Do Maranhao,BR,2022-06-16 01:01:45,-5.5667,-46.7422,71.29,81,13,2.68
172,Ransang,PH,2022-06-16 01:01:46,8.9603,117.5828,85.1,65,100,0.45
173,Bengkulu,ID,2022-06-16 01:01:46,-3.8004,102.2655,76.8,87,100,3.2
174,Atambua,ID,2022-06-16 01:01:47,-9.1061,124.8925,79.16,64,95,7.11
175,Yuzhou,CN,2022-06-16 01:01:47,34.1628,113.4639,91.27,43,0,13.27
176,Xingcheng,CN,2022-06-16 01:01:47,40.6167,120.7167,70.95,74,0,12.39
177,Wairoa,NZ,2022-06-16 01:00:18,-39.0333,177.3667,63.55,55,100,3.0
178,Baracoa,CU,2022-06-16 01:01:48,20.3467,-74.4958,78.62,83,6,5.1
179,Richards Bay,ZA,2022-06-16 01:01:48,-28.783,32.0377,55.74,65,9,11.21
180,Melnikovo,RU,2022-06-16 01:01:48,56.5558,84.085,56.25,80,45,7.7
181,Talnakh,RU,2022-06-16 01:01:49,69.4865,88.3972,70.21,44,100,5.97
182,Thompson,CA,2022-06-16 01:01:49,55.7435,-97.8558,68.63,37,30,6.71
183,Luderitz,NA,2022-06-16 01:01:49,-26.6481,15.1594,62.17,36,0,17.36
184,Norman Wells,CA,2022-06-16 01:02:50,65.282,-126.8329,60.84,48,75,0.0
185,Fortuna,US,2022-06-16 01:02:50,40.5982,-124.1573,64.85,74,20,11.5
186,Lompoc,US,2022-06-16 00:58:18,34.6391,-120.4579,86.68,71,2,24.0
187,Vao,NC,2022-06-16 01:02:51,-22.6667,167.4833,73.87,82,93,21.36
188,Trois-Rivieres,CA,2022-06-16 00:58:14,46.3501,-72.5491,73.89,68,75,4.61
189,Faanui,PF,2022-06-16 01:02:51,-16.4833,-151.75,80.55,71,11,15.9
190,Saint-Philippe,RE,2022-06-16 00:59:01,-21.3585,55.7679,69.39,84,70,17.94
191,Kepno,PL,2022-06-16 01:02:52,51.2784,17.9891,55.31,77,63,8.08
192,Salalah,OM,2022-06-16 01:02:52,17.0151,54.0924,84.29,84,40,4.61
193,Pangnirtung,CA,2022-06-16 01:02:52,66.1451,-65.7125,37.49,100,100,3.91
194,Coahuayana,MX,2022-06-16 01:02:53,18.7333,-103.6833,81.84,81,100,3.65
195,Bubaque,GW,2022-06-16 01:02:53,11.2833,-15.8333,79.99,84,99,11.21
196,Ketchikan,US,2022-06-16 01:02:26,55.3422,-131.6461,63.99,58,89,5.68
197,Klyuchi,RU,2022-06-16 01:02:53,52.2667,79.1667,61.79,68,73,8.99
198,Verkhoyansk,RU,2022-06-16 01:02:54,67.5447,133.385,60.31,49,100,14.2
199,Naze,JP,2022-06-16 00:58:51,28.3667,129.4833,72.52,89,100,13.65
200,Patacamaya,BO,2022-06-16 01:02:54,-17.2333,-67.9167,39.88,58,0,8.37
201,Mezen,RU,2022-06-16 01:02:55,65.8522,44.24,56.14,76,100,13.02
202,Marijampole,LT,2022-06-16 00:59:12,54.5667,23.35,48.2,94,100,5.53
203,Bolama,GW,2022-06-16 01:02:55,11.5833,-15.4667,79.79,85,71,8.59
204,Excelsior Springs,US,2022-06-16 01:00:00,39.3392,-94.2261,87.67,75,40,11.5
205,Belmonte,BR,2022-06-16 01:02:56,-15.8631,-38.8828,69.89,80,44,6.71
206,Tuatapere,NZ,2022-06-16 01:02:56,-46.1333,167.6833,47.77,91,100,8.84
207,Hami,CN,2022-06-16 01:02:56,42.8,93.45,92.98,15,1,10.25
208,Anadyr,RU,2022-06-16 01:02:57,64.75,177.4833,50.5,76,40,15.66
209,Grand Gaube,MU,2022-06-16 01:02:57,-20.0064,57.6608,73.38,68,0,8.99
210,Serabu,SL,2022-06-16 01:02:57,7.7958,-12.0536,73.4,97,99,2.66
211,Tura,IN,2022-06-16 01:02:58,25.5198,90.2201,72.93,99,100,6.82
212,Huarmey,PE,2022-06-16 01:02:58,-10.0681,-78.1522,63.03,80,7,11.9
213,Arraial Do Cabo,BR,2022-06-16 01:02:59,-22.9661,-42.0278,68.56,71,2,11.12
214,Beira,MZ,2022-06-16 01:02:59,-19.8436,34.8389,64.49,88,0,5.75
215,Katsuura,JP,2022-06-16 01:02:59,35.1333,140.3,68.02,82,100,10.45
216,Vyshhorod,UA,2022-06-16 01:03:00,50.5848,30.4898,58.93,100,100,6.93
217,Lavrentiya,RU,2022-06-16 01:03:00,65.5833,-171.0,39.27,95,100,16.8
218,Lebu,CL,2022-06-16 01:03:00,-37.6167,-73.65,50.67,86,76,6.31
219,Beringovskiy,RU,2022-06-16 01:03:01,63.05,179.3167,45.28,77,100,19.62
220,Okhotsk,RU,2022-06-16 01:03:01,59.3833,143.3,48.31,81,100,6.64
221,Bethel,US,2022-06-16 01:02:09,41.3712,-73.414,70.36,82,99,5.84
222,Lagoa,PT,2022-06-16 01:03:02,39.05,-27.9833,63.23,88,20,6.76
223,Avera,US,2022-06-16 01:03:02,33.194,-82.5271,89.55,52,81,11.12
224,Chiredzi,ZW,2022-06-16 01:03:03,-21.05,31.6667,57.06,50,3,4.92
225,Sungaipenuh,ID,2022-06-16 01:03:03,-2.0833,101.3833,66.63,93,96,2.06
226,Provideniya,RU,2022-06-16 01:03:03,64.3833,-173.3,39.36,100,100,11.18
227,Cotonou,BJ,2022-06-16 01:03:04,6.3654,2.4183,76.93,89,100,10.54
228,Lamu,KE,2022-06-16 01:03:04,-2.2717,40.902,73.62,85,53,11.7
229,Amga,RU,2022-06-16 01:03:05,60.8953,131.9608,66.45,58,61,7.09
230,Severo-Kurilsk,RU,2022-06-16 01:04:05,50.6789,156.125,49.77,79,99,9.8
231,Skjervoy,NO,2022-06-16 01:04:05,70.0311,20.9714,46.4,76,79,4.29
232,Tazovskiy,RU,2022-06-16 01:04:06,67.4667,78.7,52.68,83,100,14.41
233,Carberry,CA,2022-06-16 01:04:06,49.8689,-99.3602,51.39,94,100,8.77
234,San Patricio,US,2022-06-16 01:04:06,28.017,-97.5169,86.72,69,100,15.93
235,Bundaberg,AU,2022-06-16 01:04:07,-24.85,152.35,71.22,79,57,3.0
236,Carballo,ES,2022-06-16 01:04:07,43.213,-8.691,69.22,92,85,3.62
237,Vila Franca Do Campo,PT,2022-06-16 01:04:08,37.7167,-25.4333,65.19,88,82,8.55
238,Nouadhibou,MR,2022-06-16 01:04:08,20.931,-17.0347,66.16,84,0,22.24
239,Waldkirch,DE,2022-06-16 01:04:08,48.0959,7.9637,71.02,56,36,3.56
240,Cockburn Town,TC,2022-06-16 01:03:07,21.4612,-71.1419,81.37,83,12,18.59
241,Araouane,ML,2022-06-16 01:04:09,18.9048,-3.5265,91.09,22,5,5.03
242,Paamiut,GL,2022-06-16 01:03:14,61.994,-49.6678,36.63,88,0,17.07
243,Korla,CN,2022-06-16 01:04:09,41.7597,86.1469,85.6,19,61,14.47
244,Cutler Ridge,US,2022-06-16 01:04:10,25.5783,-80.3377,84.02,79,40,6.91
245,Ribeira Grande,PT,2022-06-16 01:04:10,38.5167,-28.7,64.81,91,36,4.0
246,Kodiak,US,2022-06-16 01:04:11,57.79,-152.4072,54.91,76,75,5.75
247,Batagay,RU,2022-06-16 01:04:11,67.6333,134.6333,64.62,42,49,10.45
248,Omsukchan,RU,2022-06-16 01:04:12,62.5333,155.8,58.95,47,8,7.29
249,Puerto Escondido,MX,2022-06-16 01:04:12,15.85,-97.0667,77.65,86,100,1.88
250,Constitucion,CL,2022-06-16 01:04:12,-35.3333,-72.4167,50.81,88,17,7.16
251,Kemin,KG,2022-06-16 01:04:13,42.7846,75.6892,65.03,61,100,4.88
252,Carlisle,US,2022-06-16 01:00:40,40.2015,-77.1889,80.02,93,79,7.49
253,Bukama,CD,2022-06-16 01:03:28,-9.2,25.85,64.29,45,0,3.65
254,Mahajanga,MG,2022-06-16 01:04:13,-15.7167,46.3167,72.86,76,0,3.44
255,Lagunillas,VE,2022-06-16 01:04:14,10.1301,-71.2595,79.16,84,100,6.98
256,Itaituba,BR,2022-06-16 01:04:14,-4.2761,-55.9836,72.0,97,7,1.7
257,Bacolod,PH,2022-06-16 01:00:30,10.6667,122.95,84.87,70,100,1.57
258,Tucuman,AR,2022-06-16 01:04:15,-26.8241,-65.2226,46.4,87,99,5.75
259,Georgetown,MY,2022-06-16 00:59:17,5.4112,100.3354,80.53,93,20,5.01
260,Merrill,US,2022-06-16 01:04:15,45.1805,-89.6835,67.15,100,100,5.75
261,Cam Ranh,VN,2022-06-16 01:04:16,11.9214,109.1591,85.96,66,20,2.3
262,Paracuru,BR,2022-06-16 01:04:16,-3.41,-39.0306,79.11,79,10,9.89
263,Nacala,MZ,2022-06-16 01:04:16,-14.5428,40.6728,71.55,85,1,3.87
264,Maitum,PH,2022-06-16 01:04:17,6.0392,124.4986,84.7,60,16,2.84
265,Blackwater,AU,2022-06-16 01:04:17,-23.5833,148.8833,71.28,61,0,2.53
266,Tomatlan,MX,2022-06-16 01:04:17,19.9333,-105.25,78.21,84,100,4.12
267,Saposoa,PE,2022-06-16 00:59:18,-6.934,-76.7716,70.25,73,1,3.09
268,Dalaoig,PH,2022-06-16 01:04:18,17.933,121.7155,83.35,79,100,6.64
269,Erzin,TR,2022-06-16 01:04:18,36.9559,36.2,69.28,88,3,1.05
270,Ritchie,ZA,2022-06-16 01:04:19,-29.038,24.6028,37.94,65,4,8.25
271,Planeta Rica,CO,2022-06-16 01:04:19,8.4147,-75.5883,75.87,90,100,5.73
272,Vestmannaeyjar,IS,2022-06-16 01:04:19,63.4427,-20.2734,49.48,72,100,17.22
273,Tabas,IR,2022-06-16 01:04:20,33.5959,56.9244,87.78,10,0,5.39
274,Atar,MR,2022-06-16 01:04:20,20.5169,-13.0499,92.82,31,4,1.81
275,Pogranichnyy,RU,2022-06-16 01:05:20,44.4064,131.3769,70.95,54,62,2.35
276,Maceio,BR,2022-06-16 01:02:32,-9.6658,-35.7353,76.1,83,86,15.64
277,Keita,NE,2022-06-16 01:05:21,14.7551,5.7749,83.39,53,100,16.96
278,Puerto Leguizamo,CO,2022-06-16 01:05:21,-0.1934,-74.7819,71.76,85,6,1.57
279,Umm Kaddadah,SD,2022-06-16 01:05:22,13.6017,26.6876,87.76,22,8,9.17
280,Lokosovo,RU,2022-06-16 01:05:22,61.1333,74.8167,54.91,95,99,12.17
281,Sarangani,PH,2022-06-16 01:02:57,5.4033,125.4636,82.09,78,100,16.46
282,Kasongo-Lunda,CD,2022-06-16 01:02:15,-6.4667,16.8167,68.22,59,12,1.43
283,Muskogee,US,2022-06-16 01:05:24,35.5834,-95.3336,87.15,71,0,6.91
284,Conakry,GN,2022-06-16 01:04:03,9.538,-13.6773,79.99,83,100,10.45
285,Poopo,BO,2022-06-16 01:05:25,-18.3667,-66.9667,36.37,18,0,3.58
286,Kitimat,CA,2022-06-16 01:05:25,54.0524,-128.6534,70.92,51,100,2.98
287,Haines Junction,CA,2022-06-16 01:05:25,60.7522,-137.5108,58.39,62,99,4.52
288,Kalmunai,LK,2022-06-16 01:05:26,7.4167,81.8167,78.33,77,100,2.68
289,Hengshui,CN,2022-06-16 01:05:26,37.7322,115.7011,86.27,35,49,11.12
290,Huilong,CN,2022-06-16 01:05:27,31.8111,121.655,83.93,67,8,10.8
291,Champerico,GT,2022-06-16 01:05:27,14.3,-91.9167,80.82,77,100,6.6
292,Bandarbeyla,SO,2022-06-16 01:01:15,9.4942,50.8122,79.0,75,100,23.62
293,Santiago Del Estero,AR,2022-06-16 01:05:27,-27.7951,-64.2615,58.78,39,100,8.05
294,Teguldet,RU,2022-06-16 01:05:28,57.3064,88.1667,62.78,72,100,3.06
295,Alexandria,EG,2022-06-16 01:05:28,31.2156,29.9553,74.55,79,0,7.05
296,Baksheyevo,RU,2022-06-16 01:05:29,55.7086,39.8767,49.64,98,63,5.08
297,West Plains,US,2022-06-16 01:05:29,36.7281,-91.8524,85.03,71,0,8.05
298,Illela,NG,2022-06-16 01:05:29,13.7292,5.2975,88.54,47,80,10.16
299,Prieska,ZA,2022-06-16 01:05:30,-29.6641,22.7474,38.57,62,5,4.72
300,Pedasi,PA,2022-06-16 01:05:30,7.5333,-80.0333,76.06,83,100,6.96
301,Linxia,CN,2022-06-16 01:05:30,35.6003,103.2064,68.38,34,5,1.43
302,Oussouye,SN,2022-06-16 01:05:31,12.485,-16.5469,78.78,84,60,7.85
303,Suntar,RU,2022-06-16 01:05:31,62.1444,117.6319,71.53,47,84,3.4
304,Awbari,LY,2022-06-16 01:05:31,26.5921,12.7805,77.9,22,0,12.59
305,Jumla,NP,2022-06-16 01:05:32,29.2747,82.1838,62.22,66,0,1.28
306,Ayer Molek,MY,2022-06-16 01:05:32,2.2033,102.3171,80.19,81,95,1.99
307,Meulaboh,ID,2022-06-16 01:05:32,4.1363,96.1285,76.42,85,100,6.15
308,Adeje,ES,2022-06-16 01:05:33,28.1227,-16.726,67.32,75,20,2.3
309,Silver City,US,2022-06-16 01:05:33,32.7701,-108.2803,91.36,8,0,10.36
310,Port Hedland,AU,2022-06-16 01:05:33,-20.3167,118.5667,73.45,35,3,12.66
311,Guerrero Negro,MX,2022-06-16 01:02:09,27.9769,-114.0611,67.78,66,0,18.41
312,Viedma,AR,2022-06-16 01:05:34,-40.8135,-62.9967,44.8,92,97,2.71
313,Nuuk,GL,2022-06-16 01:05:34,64.1835,-51.7216,38.01,81,55,9.22
314,Waipawa,NZ,2022-06-16 01:05:35,-41.4122,175.5153,56.75,60,30,16.4
315,Erenhot,CN,2022-06-16 01:05:19,43.6475,111.9767,77.54,27,88,7.49
316,Altamont,US,2022-06-16 01:05:35,42.2068,-121.7372,78.78,29,0,19.57
317,Abu Samrah,SY,2022-06-16 01:05:36,35.3029,37.1841,69.73,67,0,5.5
318,Belaya Gora,RU,2022-06-16 01:05:36,68.5333,146.4167,72.23,28,46,10.02
319,Jinka,ET,2022-06-16 01:05:36,5.65,36.65,60.21,83,79,3.87
320,Erdenet,MN,2022-06-16 01:06:37,49.0333,104.0833,63.27,71,100,3.22
321,Kaitangata,NZ,2022-06-16 01:02:03,-46.2817,169.8464,48.06,88,98,12.3
322,Asyut,EG,2022-06-16 01:06:37,27.181,31.1837,79.9,47,0,16.37
323,Ilulissat,GL,2022-06-16 01:06:38,69.2167,-51.1,39.22,65,0,6.91
324,Nacogdoches,US,2022-06-16 01:06:38,31.6002,-94.6335,91.04,66,0,4.61
325,Solwezi,ZM,2022-06-16 01:02:15,-12.1688,26.3894,51.93,58,0,1.79
326,Matara,LK,2022-06-16 01:06:38,5.9485,80.5353,78.89,87,100,9.75
327,Honiara,SB,2022-06-16 01:06:39,-9.4333,159.95,86.61,63,92,8.95
328,Qena,EG,2022-06-16 01:06:39,26.1615,32.7183,82.33,31,0,9.57
329,Opuwo,NA,2022-06-16 01:06:40,-18.0607,13.84,54.45,42,5,4.41
330,Chuy,UY,2022-06-16 01:06:40,-33.6971,-53.4616,53.06,80,100,5.48
331,Vysokogornyy,RU,2022-06-16 01:06:40,50.1167,139.15,75.49,37,4,5.86
332,Lomas De Sargentillo,EC,2022-06-16 01:06:41,-1.8833,-80.0833,79.84,76,23,5.88
333,Victoria,HK,2022-06-16 01:06:41,22.2855,114.1577,84.38,89,100,11.99
334,Quelimane,MZ,2022-06-16 01:06:41,-17.8786,36.8883,64.38,94,0,3.62
335,Diego De Almagro,CL,2022-06-16 01:02:06,-26.3667,-70.05,47.46,77,100,2.91
336,Saint George,US,2022-06-16 01:04:29,37.1041,-113.5841,99.63,6,0,3.0
337,Campo Verde,BR,2022-06-16 01:06:42,-20.4167,-54.0667,66.34,62,0,4.29
338,Havre-Saint-Pierre,CA,2022-06-16 01:06:42,50.2334,-63.5986,54.84,76,7,11.18
339,Puerto Ayacucho,VE,2022-06-16 01:06:43,5.6639,-67.6236,74.48,92,100,1.77
340,Dzhebariki-Khaya,RU,2022-06-16 01:06:43,62.2167,135.8,58.39,82,98,5.46
341,Namibe,AO,2022-06-16 01:06:43,-15.1961,12.1522,63.66,76,28,2.98
342,Sao Joao Da Barra,BR,2022-06-16 01:05:08,-21.6403,-41.0511,67.06,77,100,3.18
343,Chachapoyas,PE,2022-06-16 01:06:44,-6.2317,-77.869,50.14,94,1,3.51
344,Frolovo,RU,2022-06-16 01:06:44,49.7713,43.6622,64.38,83,100,3.09
345,Vrontou,GR,2022-06-16 01:06:45,40.1922,22.4328,67.57,73,8,2.82
346,Buta,CD,2022-06-16 01:06:45,2.7858,24.73,69.42,98,100,0.49
347,Namatanai,PG,2022-06-16 01:04:30,-3.6667,152.4333,83.77,72,37,7.87
348,Lorengau,PG,2022-06-16 01:06:46,-2.0226,147.2712,85.41,67,100,9.91
349,Shawnee,US,2022-06-16 01:06:46,39.05,-95.7669,85.28,75,40,3.44
350,Jatai,BR,2022-06-16 01:02:20,-17.8814,-51.7144,68.54,74,38,2.37
351,Agirish,RU,2022-06-16 01:06:46,61.9247,63.0231,58.86,57,91,2.89
352,Arman,RU,2022-06-16 01:06:47,59.7,150.1667,52.02,90,100,3.67
353,Chokurdakh,RU,2022-06-16 01:05:36,70.6333,147.9167,66.54,26,100,8.41
354,Cananeia,BR,2022-06-16 01:06:47,-25.0147,-47.9267,61.2,90,6,2.06
355,Baihar,IN,2022-06-16 01:06:48,22.1,80.55,77.16,84,94,3.11
356,Fort Nelson,CA,2022-06-16 01:06:48,58.8053,-122.7002,72.64,26,45,6.35
357,Oxford,GB,2022-06-16 01:06:46,51.7522,-1.256,57.74,78,100,2.93
358,Sioux Lookout,CA,2022-06-16 01:06:49,50.1001,-91.917,58.06,92,100,4.61
359,Waingapu,ID,2022-06-16 01:06:49,-9.6567,120.2641,82.99,70,28,15.61
360,Roblin,CA,2022-06-16 01:06:50,51.23,-101.3565,55.53,86,54,5.28
361,Portland,US,2022-06-16 01:05:25,45.5234,-122.6762,72.55,51,75,10.36
362,Dumai,ID,2022-06-16 01:06:50,1.6833,101.45,74.89,96,99,2.19
363,Kenai,US,2022-06-16 01:06:50,60.5544,-151.2583,65.03,66,0,13.8
364,Mareeba,AU,2022-06-16 01:06:51,-17.0,145.4333,79.48,64,27,4.76
365,Myrhorod,UA,2022-06-16 01:06:51,49.9685,33.6089,51.71,88,97,6.62
366,Ancud,CL,2022-06-16 01:03:23,-41.8697,-73.8203,45.23,90,57,3.8
367,Tenkodogo,BF,2022-06-16 01:07:52,11.78,-0.3697,84.04,61,100,10.2
368,Changji,CN,2022-06-16 01:06:45,44.0167,87.3167,74.19,56,0,4.47
369,Marion,US,2022-06-16 01:05:34,39.7684,-86.1555,88.18,62,40,13.8
370,Ballarat,AU,2022-06-16 01:07:52,-37.5662,143.8496,49.6,96,100,7.18
371,Yeniseysk,RU,2022-06-16 01:07:53,58.4497,92.1703,66.79,73,86,3.67
372,Loandjili,CG,2022-06-16 01:07:53,-4.7561,11.8578,71.89,89,5,5.97
373,Port Moresby,PG,2022-06-16 01:07:53,-9.4431,147.1797,83.21,70,31,5.3
374,Saldanha,ZA,2022-06-16 01:07:54,-33.0117,17.9442,50.79,72,4,8.34
375,Tuban,ID,2022-06-16 01:07:55,-6.8976,112.0649,80.78,81,55,7.65
376,Amapa,BR,2022-06-16 01:07:55,1.0,-52.0,69.94,97,100,2.33
377,Tabuk,PH,2022-06-16 01:07:56,17.4189,121.4443,81.9,77,100,4.12
378,Saint-Augustin,CA,2022-06-16 01:06:38,51.226,-58.6502,58.3,68,33,2.91
379,Chiavari,IT,2022-06-16 01:07:56,44.3201,9.322,75.58,84,0,4.0
380,Sao Felix Do Xingu,BR,2022-06-16 01:07:57,-6.6447,-51.995,73.58,72,47,1.9
381,Turukhansk,RU,2022-06-16 01:07:57,65.8167,87.9833,60.67,95,100,7.54
382,Te Anau,NZ,2022-06-16 01:07:58,-45.4167,167.7167,46.27,91,100,5.79
383,Zapolyarnyy,RU,2022-06-16 01:07:58,69.4154,30.8136,40.28,97,100,19.6
384,Tineo,ES,2022-06-16 01:07:58,43.3376,-6.4145,67.24,78,99,3.67
385,Shitanjing,CN,2022-06-16 01:05:12,39.2342,106.3439,84.11,9,5,3.44
386,Maldonado,UY,2022-06-16 01:07:59,-34.6667,-54.9167,54.23,91,100,5.3
387,Port Augusta,AU,2022-06-16 01:07:59,-32.5,137.7667,58.98,68,0,1.23
388,Sosnovo-Ozerskoye,RU,2022-06-16 01:08:00,52.5249,111.5418,67.91,46,2,5.26
389,Rusape,ZW,2022-06-16 01:08:00,-18.5278,32.1284,51.04,56,5,1.72
390,Amahai,ID,2022-06-16 01:08:00,-3.3333,128.9167,81.84,77,69,2.84
391,Pevek,RU,2022-06-16 01:08:01,69.7008,170.3133,35.04,80,19,8.43
392,Izberbash,RU,2022-06-16 01:08:02,42.5696,47.8645,75.25,67,100,12.26
393,Aitape,PG,2022-06-16 01:08:02,-3.1374,142.3475,85.24,66,72,2.75
394,Yaan,NG,2022-06-16 01:08:03,7.3833,8.5667,74.08,91,100,7.0
395,Kushmurun,KZ,2022-06-16 01:08:03,52.4503,64.6311,65.21,59,68,3.71
396,Pacific Grove,US,2022-06-16 01:06:11,36.6177,-121.9166,75.02,69,0,8.05
397,Paramonga,PE,2022-06-16 01:08:04,-10.6667,-77.8333,62.08,80,13,12.44
398,Lagos,NG,2022-06-16 01:08:04,6.5833,3.75,74.57,95,89,3.47
399,Porto Walter,BR,2022-06-16 01:08:04,-8.2686,-72.7439,71.22,78,0,0.47
400,Gasa,PS,2022-06-16 01:08:05,31.5,34.4667,69.87,80,0,6.73
401,Mastic Beach,US,2022-06-16 01:08:05,40.7668,-72.8521,67.98,81,20,8.05
402,Bairiki,KI,2022-06-16 01:08:06,1.3292,172.9752,86.0,70,20,6.91
403,Hirara,JP,2022-06-16 01:08:06,24.8,125.2833,77.27,94,75,13.8
404,Pangkalanbuun,ID,2022-06-16 01:08:06,-2.6833,111.6167,80.64,82,46,2.73
405,Can,TR,2022-06-16 01:08:07,40.0333,27.0524,60.06,95,74,4.72
406,Poronaysk,RU,2022-06-16 01:08:07,49.2167,143.1167,63.25,55,93,8.25
407,Itapui,BR,2022-06-16 01:08:08,-22.2333,-48.7192,63.7,67,1,4.34
408,Simeykyne,UA,2022-06-16 01:08:08,48.3264,39.5337,55.9,95,100,11.86
409,Chabahar,IR,2022-06-16 01:08:08,25.2919,60.643,82.11,85,7,8.19
410,Flin Flon,CA,2022-06-16 01:07:49,54.7682,-101.865,60.15,60,97,4.18
411,Cozumel,MX,2022-06-16 01:09:09,20.5083,-86.9458,80.67,82,40,4.0
412,Iquitos,PE,2022-06-16 01:09:10,-3.7481,-73.2472,73.44,94,40,1.14
413,Borogontsy,RU,2022-06-16 01:09:10,62.6683,131.1683,68.92,50,8,4.63
414,Isangel,VU,2022-06-16 01:09:11,-19.55,169.2667,80.02,76,3,15.93
415,Oga,IT,2022-06-16 01:09:11,46.4631,10.347,55.81,75,1,2.91
416,Port Lincoln,AU,2022-06-16 01:09:12,-34.7333,135.8667,60.12,63,5,6.58
417,Gizo,SB,2022-06-16 01:09:12,-8.103,156.8419,84.25,70,64,9.24
418,Rocha,UY,2022-06-16 01:09:04,-34.4833,-54.3333,51.57,91,100,5.79
419,Gonaives,HT,2022-06-16 01:09:12,19.45,-72.6833,77.85,82,100,9.04
420,Piritiba,BR,2022-06-16 01:09:13,-11.7303,-40.5553,60.4,92,4,4.43
421,Havoysund,NO,2022-06-16 01:09:13,70.9963,24.6622,41.23,87,100,13.09
422,Khunti,IN,2022-06-16 01:09:13,23.0833,85.2833,77.11,71,100,13.2
423,Barra Do Garcas,BR,2022-06-16 01:09:14,-15.89,-52.2567,73.76,59,0,2.82
424,Burnie,AU,2022-06-16 01:09:14,-41.0667,145.9167,59.94,62,54,5.28
425,Mao,ES,2022-06-16 01:09:14,39.8885,4.2658,73.96,68,0,4.61
426,Sovetskiy,RU,2022-06-16 01:09:15,61.3614,63.5842,59.7,52,10,2.95
427,Ylivieska,FI,2022-06-16 01:09:15,64.0833,24.55,51.31,83,100,10.04
428,Soderhamn,SE,2022-06-16 01:09:15,61.3037,17.0592,54.66,69,99,5.68
429,Goderich,CA,2022-06-16 01:09:16,43.7501,-81.7165,67.98,91,95,11.97
430,Nago,JP,2022-06-16 01:09:16,26.5881,127.9761,75.63,87,100,7.23
431,Ambulu,ID,2022-06-16 01:09:17,-8.345,113.6058,79.88,79,95,1.57
432,Ambilobe,MG,2022-06-16 01:09:17,-13.2,49.05,66.83,93,1,3.76
433,Ciudad Bolivar,VE,2022-06-16 01:09:17,8.1222,-63.5497,78.53,81,100,7.94
434,Marsa Matruh,EG,2022-06-16 01:09:18,31.3525,27.2453,72.77,76,0,6.15
435,Lovington,US,2022-06-16 01:09:18,32.944,-103.3485,94.32,25,0,5.01
436,Potoru,SL,2022-06-16 01:09:18,7.5072,-11.4786,73.35,98,100,2.48
437,Marsh Harbour,BS,2022-06-16 01:09:19,26.5412,-77.0636,81.37,73,100,6.89
438,Magadan,RU,2022-06-16 01:09:19,59.5667,150.8,51.53,88,100,2.82
439,Pechenga,RU,2022-06-16 01:09:19,69.5259,31.1703,42.55,97,100,18.95
440,Jalu,LY,2022-06-16 01:09:20,29.0331,21.5482,75.52,58,0,11.07
441,Angoche,MZ,2022-06-16 01:09:20,-16.2325,39.9086,70.12,86,0,5.91
442,Letlhakeng,BW,2022-06-16 01:09:20,-24.0944,25.0298,42.33,51,0,7.2
443,Chara,RU,2022-06-16 01:09:21,56.9064,118.2631,66.94,39,100,1.03
444,Salta,AR,2022-06-16 01:08:33,-24.7859,-65.4117,50.23,53,100,1.79
445,Shelburne,CA,2022-06-16 01:09:21,44.0787,-80.2041,73.6,86,32,8.88
446,Valdosta,US,2022-06-16 01:05:47,30.8327,-83.2785,86.94,72,0,3.44
447,Teahupoo,PF,2022-06-16 01:08:32,-17.8333,-149.2667,78.76,78,44,17.36
448,Zabaykalsk,RU,2022-06-16 01:09:22,49.6333,117.3167,67.77,56,0,4.05
449,Lanzhou,CN,2022-06-16 01:06:53,36.0564,103.7922,75.42,32,1,0.74
450,Umm Lajj,SA,2022-06-16 01:09:22,25.0213,37.2685,81.01,68,0,7.99
451,Usinsk,RU,2022-06-16 01:09:23,65.9939,57.5281,50.45,68,11,10.89
452,Bongandanga,CD,2022-06-16 01:09:23,1.5,21.05,71.82,88,100,1.01
453,Sayansk,RU,2022-06-16 01:09:24,54.1088,102.1648,67.82,74,90,3.76
454,Ngunguru,NZ,2022-06-16 01:09:24,-35.6167,174.5,61.81,53,14,8.68
455,High Level,CA,2022-06-16 01:09:24,58.5169,-117.136,75.07,28,100,5.12
456,Varnamo,SE,2022-06-16 01:06:33,57.186,14.04,47.93,93,95,4.65
457,Khor,RU,2022-06-16 01:10:25,47.8861,134.9464,70.81,64,22,4.72
458,Tres Arroyos,AR,2022-06-16 01:10:25,-38.3739,-60.2798,45.18,95,100,4.68
459,Havelock,US,2022-06-16 01:10:11,34.8791,-76.9013,80.58,70,3,1.01
460,Tarazona,ES,2022-06-16 01:10:26,41.9,-1.7333,80.42,39,100,1.97
461,Panguiranan,PH,2022-06-16 01:10:26,12.0699,123.3185,85.35,70,87,8.55
462,Shimoda,JP,2022-06-16 01:10:26,34.6667,138.95,72.97,85,100,15.08
463,Port-Gentil,GA,2022-06-16 01:10:27,-0.7193,8.7815,75.34,81,7,14.09
464,Acapulco,MX,2022-06-16 01:10:23,16.8634,-99.8901,75.02,100,100,8.05
465,Ypsilanti,US,2022-06-16 01:07:27,42.2412,-83.613,91.4,55,0,11.5
466,The Valley,AI,2022-06-16 01:10:28,18.217,-63.0578,82.81,85,100,18.43
467,North Bend,US,2022-06-16 01:07:49,43.4065,-124.2243,61.16,97,100,6.91
468,Adrar,MR,2022-06-16 01:10:28,20.5022,-10.0711,90.3,23,44,10.38
469,Lovozero,RU,2022-06-16 01:10:28,68.005,35.0117,47.53,80,100,10.22
470,Baculin,PH,2022-06-16 01:10:29,7.4525,126.5842,84.72,69,100,3.85
471,Nhulunbuy,AU,2022-06-16 01:10:29,-12.2333,136.7667,81.21,78,75,13.8
472,Faya,SA,2022-06-16 01:10:29,18.3851,42.4509,67.89,22,15,3.0
473,Dzaoudzi,YT,2022-06-16 01:10:30,-12.7887,45.2699,73.29,94,0,2.3
474,Lerwick,GB,2022-06-16 01:10:30,60.1545,-1.1494,51.8,96,100,11.45
475,Oudtshoorn,ZA,2022-06-16 01:10:30,-33.5907,22.2014,43.84,73,24,3.06
476,Les Cayes,HT,2022-06-16 01:10:31,18.2,-73.75,79.14,78,100,7.05
477,Komsomolskiy,UZ,2022-06-16 01:10:31,40.4272,71.7189,69.78,64,4,5.08
478,Mabaruma,GY,2022-06-16 01:10:32,8.2,-59.7833,74.32,94,100,3.53
479,Fereydunshahr,IR,2022-06-16 01:10:32,32.941,50.121,50.72,26,0,1.39
480,Mrakovo,RU,2022-06-16 01:10:32,52.7161,56.6244,55.92,86,0,2.46
481,Lebowakgomo,ZA,2022-06-16 01:10:33,-24.2,29.5,40.93,52,5,5.82
482,La Reforma,MX,2022-06-16 01:10:33,25.0833,-108.05,86.88,50,42,4.43
483,Trairi,BR,2022-06-16 01:09:27,-3.2778,-39.2689,75.09,80,19,8.39
484,Kropotkin,RU,2022-06-16 01:10:34,45.4375,40.5756,61.45,98,55,9.08
485,Ortakoy,TR,2022-06-16 01:10:34,38.7373,34.0387,53.85,82,0,6.08
486,Visby,SE,2022-06-16 01:10:34,57.6409,18.296,55.62,94,75,5.75
487,Tokat,TR,2022-06-16 01:10:35,40.4167,36.5833,47.62,96,49,4.34
488,Kaitong,CN,2022-06-16 01:10:35,44.8135,123.15,75.74,52,9,11.05
489,Half Moon Bay,US,2022-06-16 01:08:13,37.4636,-122.4286,80.89,70,100,39.12
490,Neuquen,AR,2022-06-16 01:09:15,-38.9516,-68.0591,47.14,69,2,5.7
491,Baruun-Urt,MN,2022-06-16 01:10:36,46.6806,113.2792,72.84,37,100,11.03
492,Denia,ES,2022-06-16 01:10:36,38.8408,0.1057,79.81,69,100,1.99
493,Khani,GE,2022-06-16 01:10:36,41.9563,42.9566,56.77,95,44,2.55
494,San Cristobal,VE,2022-06-16 01:10:37,7.7669,-72.225,65.26,98,99,3.27
495,Hamilton,US,2022-06-16 01:08:51,39.1834,-84.5333,86.77,69,20,6.91
496,Sambava,MG,2022-06-16 01:10:37,-14.2667,50.1667,69.78,91,9,7.52
497,Iwaki,JP,2022-06-16 01:10:38,37.05,140.8833,78.76,73,99,5.01
498,Sainte-Maxime,FR,2022-06-16 01:10:38,43.3,6.6333,74.93,86,0,6.64
499,Chapais,CA,2022-06-16 01:10:38,49.7834,-74.8492,62.82,79,99,8.23
500,Quang Ngai,VN,2022-06-16 01:10:39,15.1167,108.8,82.87,69,96,2.59
501,Prince Rupert,CA,2022-06-16 01:08:26,54.3161,-130.3201,59.13,70,100,5.79
502,Valencia,ES,2022-06-16 01:10:39,39.3333,-0.8333,73.85,49,95,1.92
503,Olbia,IT,2022-06-16 01:09:33,40.9214,9.4856,69.85,73,0,3.44
504,Aketi,CD,2022-06-16 01:10:40,2.7388,23.7833,70.93,92,100,0.69
505,Bambanglipuro,ID,2022-06-16 01:11:40,-7.95,110.2833,79.77,79,41,2.73
506,Luanda,AO,2022-06-16 01:11:40,-8.8368,13.2343,71.6,83,75,4.61
507,Labuhan,ID,2022-06-16 01:11:41,-6.8844,112.2051,81.12,81,76,8.68
508,Troy,US,2022-06-16 01:11:41,42.6056,-83.1499,91.33,55,0,9.22
509,Port-Cartier,CA,2022-06-16 01:11:41,50.0334,-66.8654,64.67,70,15,8.57
510,Aleksandrov Gay,RU,2022-06-16 01:11:42,50.147,48.5704,67.35,42,100,8.12
511,Mulatupo,PA,2022-06-16 01:11:42,8.9492,-77.7652,78.06,89,100,5.3
512,Dargaville,NZ,2022-06-16 01:11:42,-35.9333,173.8833,60.89,57,71,9.08
513,Maracacume,BR,2022-06-16 01:11:43,-2.0428,-45.9592,70.02,88,89,3.02
514,Torbay,CA,2022-06-16 01:11:43,47.6666,-52.7314,42.76,82,4,5.99
515,Sinop,TR,2022-06-16 01:11:44,41.7711,34.8709,55.96,80,4,3.85
516,Kalemie,CD,2022-06-16 01:11:44,-5.9475,29.1947,68.74,76,0,2.28
517,Kozhevnikovo,RU,2022-06-16 01:11:44,56.2589,83.9714,56.25,83,24,8.43
518,Rawah,IQ,2022-06-16 01:11:45,34.4816,41.9093,81.34,33,0,8.41
519,Mangan,IN,2022-06-16 01:11:45,27.5167,88.5333,74.03,94,100,2.08
520,Dutlwe,BW,2022-06-16 01:11:46,-23.9833,23.9,42.37,49,0,7.74
521,Ulagan,RU,2022-06-16 01:11:46,50.6321,87.9563,58.06,80,54,0.72
522,Marabba,SD,2022-06-16 01:11:46,12.35,32.1833,76.73,61,100,18.97
523,Daru,PG,2022-06-16 01:11:47,-9.0763,143.2092,80.71,86,12,14.09
524,Ushtobe,KZ,2022-06-16 01:11:47,45.2514,77.9838,71.67,50,60,2.95
525,Vrangel,RU,2022-06-16 01:11:47,42.7297,133.0839,58.75,79,99,10.96
526,Palencia,ES,2022-06-16 01:11:48,42.4167,-4.5,71.92,37,100,8.52
527,Zhigansk,RU,2022-06-16 01:11:48,66.7697,123.3711,53.56,60,9,17.81
528,Hun,LY,2022-06-16 01:11:49,29.1268,15.9477,73.51,52,0,4.92
529,Elk River,US,2022-06-16 01:08:58,45.3038,-93.5672,79.29,78,0,8.88
530,Alekseyevsk,RU,2022-06-16 01:11:49,57.8406,108.3492,68.83,59,89,2.48
531,Emerald,AU,2022-06-16 01:11:08,-23.5333,148.1667,70.34,68,0,6.49
532,Necochea,AR,2022-06-16 01:11:50,-38.5473,-58.7368,48.85,87,100,4.54
533,Tukrah,LY,2022-06-16 01:11:50,32.5341,20.5791,72.54,79,0,5.77
534,Santo Augusto,BR,2022-06-16 01:11:01,-27.8508,-53.7772,55.8,86,0,7.83
535,Urucara,BR,2022-06-16 01:11:51,-2.5364,-57.76,72.66,98,20,1.77
536,Jiangyou,CN,2022-06-16 01:11:51,31.7667,104.7167,81.54,47,99,0.98
537,Bahia Blanca,AR,2022-06-16 01:11:51,-38.7196,-62.2724,46.49,90,0,4.07
538,Beyneu,KZ,2022-06-16 01:11:52,45.3167,55.2,74.86,26,67,10.07
539,Oranjestad,AW,2022-06-16 01:11:52,12.524,-70.027,82.35,78,20,21.85
540,Tabou,CI,2022-06-16 01:11:52,4.423,-7.3528,75.02,92,100,8.72
541,Byron Bay,AU,2022-06-16 01:11:53,-28.65,153.6167,70.72,54,0,3.27
542,Kearney,US,2022-06-16 01:11:53,40.6995,-99.0815,81.16,42,0,8.05
543,Kharan,PK,2022-06-16 01:11:53,28.5833,65.4167,85.19,44,0,4.81
544,Krasnoarmeysk,RU,2022-06-16 01:11:54,51.0239,45.6969,62.51,80,99,6.85
545,Saint-Georges,GD,2022-06-16 01:09:56,12.0564,-61.7485,78.78,88,100,16.71
546,Taloqan,AF,2022-06-16 01:11:54,36.7361,69.5345,79.88,25,0,3.94
547,Ola,RU,2022-06-16 01:11:55,59.5833,151.2833,52.14,85,100,4.14
548,Qaqortoq,GL,2022-06-16 01:11:55,60.7167,-46.0333,39.24,77,0,5.08
549,Laguna De Duero,ES,2022-06-16 01:11:55,41.5815,-4.7233,79.0,63,20,13.8
550,Doha,QA,2022-06-16 01:09:56,25.2867,51.5333,89.58,37,0,3.44
551,La Ronge,CA,2022-06-16 01:12:56,55.1001,-105.2842,55.44,86,100,2.13
552,Plettenberg Bay,ZA,2022-06-16 01:12:57,-34.0527,23.3716,49.19,74,7,5.5
553,San Carlos De Bariloche,AR,2022-06-16 01:12:58,-41.1456,-71.3082,33.24,86,20,3.44
554,Bowen,AU,2022-06-16 01:12:58,-20.0167,148.2333,75.7,59,5,7.25
555,Temerloh,MY,2022-06-16 01:12:58,3.4483,102.4176,77.13,91,79,1.68
556,Arkhara,RU,2022-06-16 01:12:59,49.4212,130.0842,68.34,64,100,7.4
557,Mago,RU,2022-06-16 01:12:59,53.2514,140.1822,50.41,91,100,3.33
558,Taoudenni,ML,2022-06-16 01:13:00,22.6783,-3.9836,95.4,9,0,2.19
559,Polyarnyy,RU,2022-06-16 01:13:00,69.1989,33.4478,42.98,92,100,20.51
560,Lalmohan,BD,2022-06-16 01:13:00,22.3384,90.7419,83.88,82,100,16.42
561,Palmer,US,2022-06-16 01:11:04,42.1584,-72.3287,73.2,70,75,9.22
562,Bada,RU,2022-06-16 01:13:01,51.392,109.8717,73.49,41,54,1.66
563,Belyy Yar,RU,2022-06-16 01:13:01,53.6039,91.3903,66.85,72,0,0.0
564,Rincon,US,2022-06-16 01:11:28,32.296,-81.2354,83.86,78,40,10.36
565,Nantucket,US,2022-06-16 01:11:50,41.2835,-70.0995,62.71,82,0,4.61
566,Shingu,JP,2022-06-16 01:08:03,33.7333,135.9833,74.73,81,100,6.35
567,Burgeo,CA,2022-06-16 01:13:03,47.6167,-57.6152,53.89,79,88,2.17
568,Saint-Francois,FR,2022-06-16 01:13:03,46.4154,3.9054,65.64,88,0,3.44
569,Fuerte Olimpo,PY,2022-06-16 01:13:04,-21.0415,-57.8738,70.03,54,0,5.84
570,Jiujiang,CN,2022-06-16 01:13:04,29.7333,115.9833,82.63,70,100,3.67
571,Samarai,PG,2022-06-16 01:13:05,-10.6167,150.6667,82.08,81,16,12.71
572,Shakawe,BW,2022-06-16 01:13:05,-18.3667,21.85,48.85,52,0,6.15
573,Valparaiso,CL,2022-06-16 01:11:39,-33.0393,-71.6273,54.48,81,75,2.3
574,Mocuba,MZ,2022-06-16 01:13:06,-16.8392,36.9856,63.52,78,0,4.59
575,Varkkallai,IN,2022-06-16 01:13:06,8.7341,76.7067,78.58,88,100,9.24
576,Bam,IR,2022-06-16 01:13:06,29.106,58.357,91.67,11,6,13.09
